,Wind speed,Power,"Nacelle ambient
temperature","Nacelle
temperature",Generator speed,"Stator
temperature","Generator front bearing
temperature","Rear bearing
temperature"
Wind speed,1.0,0.9596505454993856,-0.09788751450125195,-0.4837042423218127,0.8909306004282609,0.744706850605922,-0.5442581879028936,0.3328666372475659
Power,0.9596505454993856,1.0,-0.1433212620760673,-0.5603530637738691,0.9203643099236898,0.7143902248010924,-0.6326706541066177,0.2642880941737632
"Nacelle ambient
temperature",-0.09788751450125195,-0.1433212620760673,1.0,0.7741193804062626,-0.1408727895132987,0.05527870241251222,0.3833361265570903,0.2466586170757472
"Nacelle
temperature",-0.4837042423218127,-0.5603530637738691,0.7741193804062626,1.0,-0.5218848469722057,-0.20046250521510534,0.7614738666628807,0.23518936658551706
Generator speed,0.8909306004282609,0.9203643099236898,-0.1408727895132987,-0.5218848469722057,1.0,0.5057332864388455,-0.5248599614369581,0.39451555547903017
"Stator
temperature",0.744706850605922,0.7143902248010924,0.05527870241251222,-0.20046250521510534,0.5057332864388455,1.0,-0.24750164203885977,0.213046172557573
"Generator front bearing
temperature",-0.5442581879028936,-0.6326706541066177,0.3833361265570903,0.7614738666628807,-0.5248599614369581,-0.24750164203885977,1.0,0.2225729456948876
"Rear bearing
temperature",0.3328666372475659,0.2642880941737632,0.2466586170757472,0.23518936658551706,0.39451555547903017,0.213046172557573,0.2225729456948876,1.0
