version,target,n,sample_mean,sample_median,sample_std,fit_mu_or_loc,fit_sigma_or_scale
signed_gaussian_H,Generator bearing front temperature,215917,-0.008351054222462365,-0.0137127406022088,0.26552110326026246,-0.008351054222462365,0.26552110326026246
signed_gaussian_H,Stator temperature 1,215917,0.01620596288331702,0.004185998900084,0.5890710875263749,0.01620596288331702,0.5890710875263749
signed_gaussian_H,Rear bearing temperature,215917,-0.05730042996996856,0.013619136632883,1.0789783310017838,-0.05730042996996856,1.0789783310017838
old_abs_gaussian_H,Generator bearing front temperature,215917,0.17400932960757184,0.1204878875136117,0.20072819851595078,0.17400932960757184,0.20072819851595078
old_abs_gaussian_H,Stator temperature 1,215917,0.3694255630478557,0.2002445429931185,0.4591203566603982,0.3694255630478557,0.4591203566603982
old_abs_gaussian_H,Rear bearing temperature,215917,0.7866512723339651,0.5833123185402656,0.7407121593203666,0.7866512723339651,0.7407121593203666
folded_normal_H,Generator bearing front temperature,215917,0.17400932960757184,0.1204878875136117,0.20072819851595078,-0.008351054222462365,0.26552110326026246
folded_normal_H,Stator temperature 1,215917,0.3694255630478557,0.2002445429931185,0.4591203566603982,0.01620596288331702,0.5890710875263749
folded_normal_H,Rear bearing temperature,215917,0.7866512723339651,0.5833123185402656,0.7407121593203666,-0.05730042996996856,1.0789783310017838
