A_mean_multiplier,Detected_events,Total_events,Recall,Precision,F1,Operational_FA_rate,True_alarm_episodes,Operational_FA_episodes
1.0,425,433,0.9815242494226328,0.7957559681697612,0.8789314950452392,0.20424403183023873,600,154
1.5,425,433,0.9815242494226328,0.7876802096985583,0.8739829052810228,0.21231979030144169,601,162
2.0,425,433,0.9815242494226328,0.7830551989730423,0.8711284347409716,0.21694480102695765,610,169
2.5,426,433,0.9838337182448037,0.7743142144638404,0.8665896862639118,0.2256857855361596,621,181
3.0,426,433,0.9838337182448037,0.7683073229291717,0.8628148448205476,0.23169267707082833,640,193
3.5,426,433,0.9838337182448037,0.7621878715814506,0.8589425606973055,0.23781212841854935,641,200
4.0,426,433,0.9838337182448037,0.7553191489361702,0.8545636910732197,0.24468085106382978,639,207
4.5,426,433,0.9838337182448037,0.7572590011614402,0.8558038644157621,0.24274099883855982,652,209
5.0,427,433,0.9861431870669746,0.7522407170294494,0.8534559672174928,0.24775928297055058,1175,387
